{

	"product": [
		{
			"id_number" : "8123",
			"name" : "khalid",
			"bus_number" : "2389",
			"bus_model" : "volvo90",
			"maintenance_order" : "35678",
			"time_Start" : "1300",
			"time_Completed" : "1330",
			"item_front_visual_check" : "Quaterly",
			"item_front_hardness_and_earthing_check" : "Quaterly",
			"side_visual_check" : "Quaterly",
			"side_hardness_and_earthing_check" : "Quaterly",
			"rear_visual_check" : "Quaterly",
			"rear_front_hardness_and_earthing_check" : "Quaterly",
			"controller_content_check" : "Quartely",
			"controller_visual_check" : "Quaterly",
			"truck_radio_visual_check" : "Quaterly",
			"truck_radio_hardness_earthing_check" : "quaterly",
			"truck_radio_content_check" : "quaterly",
			"tracker_visual_check" : "weekly",
			"tracker_hardness_earthing_check" : "quaterly",
			"tracker_panic_button" : "weekly",
			"tracker_CBTS_cable" : "Monthly",
			"announcerment_player_visual_check" : "quaterly",
			"announcerment_player_hardness_earthing_check" : "weekly",
			"announcerment_player_content_check" : "monthly",
			"announcerment_player_speaker" : "monthly",
			"announcerment_player_microphone" : "monthly",
			"infortainment_sys_LCD_Monitor_Front" : "weekly",
			"infortainment_sys_LCD_Monitor_Rear" : "yearly",
			"infortainment_sys_Visual_check" : "weekly",
			"infortainment_sys_Hardness_and_earthing_check" : "weekly",
			"CCTV_sys_item_LCD_Monitor":"quaterly",
			"CCTV_sys_item_Camera_Condition":"quaterly",
			"CCTV_sys_item_Visual_Check":"quaterly",
			"CCTV_sys_item_Hardness_and_earthing_check":"quaterly",
			"CCTV_sys_item_DVR_NVR":"quaterly",
			"FCS_CBTS_ETM_Visual_Check" : "quaterly",
			"FCS_CBTS_ETM_Hardness_and_Earthing_Check" : "quaterly",
			"FCS_CBTS_Reader_Visual_Check" : "quaterly",
			"FCS_CBTS_Reader_Hardness_and_Earthing_Check" : "quaterly",
			"FCS_BTS_Reader_Visual_Check" : "quaterly",
			"FCS_BTS_Reader_Hardness_and_Earthing_Check" : "quaterly",
			"FCS_Cash_Vault_lock_condition" : "Quaterly",
			"FCS_Cash_Vault_visual_check" : "Quaterly"
		},
  
		{
			"id_number" : "8129",
			"name" : "Hassan",
			"bus_number" : "2379",
			"bus_model" : "Hino20",
			"maintenance_order" : "35678",
			"time_Start" : "1300",
			"time_Completed" : "1330",
			"item_front_visual_check" : "Quaterly",
			"item_front_hardness_and_earthing_check" : "Quaterly",
			"side_visual_check" : "Quaterly",
			"side_hardness_and_earthing_check" : "Quaterly",
			"rear_visual_check" : "Quaterly",
			"rear_front_hardness_and_earthing_check" : "Quaterly",
			"controller_content_check" : "Quartely",
			"controller_visual_check" : "Quaterly",
			"truck_radio_visual_check" : "Quaterly",
			"truck_radio_hardness_earthing_check" : "quaterly",
			"truck_radio_content_check" : "quaterly",
			"tracker_visual_check" : "weekly",
			"tracker_hardness_earthing_check" : "quaterly",
			"tracker_panic_button" : "weekly",
			"tracker_CBTS_cable" : "Monthly",
			"announcerment_player_visual_check" : "quaterly",
			"announcerment_player_hardness_earthing_check" : "weekly",
			"announcerment_player_content_check" : "monthly",
			"announcerment_player_speaker" : "monthly",
			"announcerment_player_microphone" : "monthly",
			"infortainment_sys_LCD_Monitor_Front" : "weekly",
			"infortainment_sys_LCD_Monitor_Rear" : "yearly",
			"infortainment_sys_Visual_check" : "weekly",
			"infortainment_sys_Hardness_and_earthing_check" : "weekly",
			"CCTV_sys_item_LCD_Monitor":"quaterly",
			"CCTV_sys_item_Camera_Condition":"quaterly",
			"CCTV_sys_item_Visual_Check":"quaterly",
			"CCTV_sys_item_Hardness_and_earthing_check":"quaterly",
			"CCTV_sys_item_DVR_NVR":"quaterly",
			"FCS_CBTS_ETM_Visual_Check" : "quaterly",
			"FCS_CBTS_ETM_Hardness_and_Earthing_Check" : "quaterly",
			"FCS_CBTS_Reader_Visual_Check" : "quaterly",
			"FCS_CBTS_Reader_Hardness_and_Earthing_Check" : "quaterly",
			"FCS_BTS_Reader_Visual_Check" : "quaterly",
			"FCS_BTS_Reader_Hardness_and_Earthing_Check" : "quaterly",
			"FCS_Cash_Vault_lock_condition" : "Quaterly",
			"FCS_Cash_Vault_visual_check" : "Quaterly"
		},
  
		{
			"id_number" : "8168",
			"name" : "majeed",
			"bus_number" : "2128",
			"bus_model" : "volvo20",
			"maintenance_order" : "35678",
			"time_Start" : "1300",
			"time_Completed" : "1330",
			"item_front_visual_check" : "Quaterly",
			"item_front_hardness_and_earthing_check" : "Quaterly",
			"side_visual_check" : "Quaterly",
			"side_hardness_and_earthing_check" : "Quaterly",
			"rear_visual_check" : "Quaterly",
			"rear_front_hardness_and_earthing_check" : "Quaterly",
			"controller_content_check" : "Quartely",
			"controller_visual_check" : "Quaterly",
			"truck_radio_visual_check" : "Quaterly",
			"truck_radio_hardness_earthing_check" : "quaterly",
			"truck_radio_content_check" : "quaterly",
			"tracker_visual_check" : "weekly",
			"tracker_hardness_earthing_check" : "quaterly",
			"tracker_panic_button" : "weekly",
			"tracker_CBTS_cable" : "Monthly",
			"announcerment_player_visual_check" : "quaterly",
			"announcerment_player_hardness_earthing_check" : "weekly",
			"announcerment_player_content_check" : "monthly",
			"announcerment_player_speaker" : "monthly",
			"announcerment_player_microphone" : "monthly",
			"infortainment_sys_LCD_Monitor_Front" : "weekly",
			"infortainment_sys_LCD_Monitor_Rear" : "yearly",
			"infortainment_sys_Visual_check" : "weekly",
			"infortainment_sys_Hardness_and_earthing_check" : "weekly",
			"CCTV_sys_item_LCD_Monitor":"quaterly",
			"CCTV_sys_item_Camera_Condition":"quaterly",
			"CCTV_sys_item_Visual_Check":"quaterly",
			"CCTV_sys_item_Hardness_and_earthing_check":"quaterly",
			"CCTV_sys_item_DVR_NVR":"quaterly",
			"FCS_CBTS_ETM_Visual_Check" : "quaterly",
			"FCS_CBTS_ETM_Hardness_and_Earthing_Check" : "quaterly",
			"FCS_CBTS_Reader_Visual_Check" : "quaterly",
			"FCS_CBTS_Reader_Hardness_and_Earthing_Check" : "quaterly",
			"FCS_BTS_Reader_Visual_Check" : "quaterly",
			"FCS_BTS_Reader_Hardness_and_Earthing_Check" : "quaterly",
			"FCS_Cash_Vault_lock_condition" : "Quaterly",
			"FCS_Cash_Vault_visual_check" : "Quaterly"
		  }
 
 
	]
}